{"AUD_USD": {"target_pnl": 1.4583525258999999, "stoploss_pnl": 1.7157088539999998}, "USD_CHF": {"target_pnl": 0.9978201493000001, "stoploss_pnl": 1.5351079220000001}, "GBP_USD": {"target_pnl": 0.9481548929999998, "stoploss_pnl": 1.3545069899999997}, "USD_JPY": {"target_pnl": 1.3003267104, "stoploss_pnl": 1.6254083879999999}, "EUR_USD": {"target_pnl": 1.083605592, "stoploss_pnl": 1.4448074560000002}}